ICAO,flight_count,Name
DLH,429230,Lufthansa
EWG,102515,Eurowings
RYR,49135,Ryanair
DLA,38829,Air Dolomiti
BCS,38704,European Air Transport
GWI,31641,Germanwings
KLM,31385,KLM Royal Dutch Airlines
AUA,26630,Austrian
THY,23339,Turkish Airlines
SWR,20874,Swiss
BAW,20198,British Airways
CFG,19711,Condor
AFR,19475,Air France
EJU,17314,easyJet Europe
PGT,17135,Pegasus
SXS,12740,SunExpress
SAS,12355,SAS
UPS,10840,UPS
CHX,10291,Hubschrauber IM Luftrettungsdienst
TUI,10289,TUIFly
LOT,9975,LOT - Polish Airlines
FIN,8755,Finnair
OCN,8636,Discover Airlines
AEE,8509,Aegean Airlines
NJE,8452,Netjets
UAL,8392,United Airlines
VLG,8177,Vueling Airlines
TAP,8140,TAP Portugal
BEL,7046,Brussels Airlines
BOX,6898,AeroLogic
ITY,6351,ITA Airways
EZY,5984,easyJet
SRR,5858,Maersk Air Cargo
IBE,5622,Iberia
EIN,5411,Aer Lingus
UAE,5353,Emirates
TKJ,5197,Ajet
BTI,4881,airBaltic
DHK,4875,DHL Air
LHX,4805,Lufthansa City
GAF,4463,German Air Force
WZZ,4460,Wizz Air
CFE,4166,BA Cityflyer
GEC,3974,Lufthansa Cargo
CTN,3712,Croatia Airlines
ASL,3567,Air Serbia
ABR,3491,ASL Airlines Ireland
NOZ,3395,Norwegian Air Shuttle AOC AS
TAY,3088,ASL Airlines Belgium
DCA,3081,Aerotaxi del Caribe
AEA,3002,Air Europa
FDX,2946,FedEx
DAL,2933,Delta Air Lines
CAI,2918,Corendon Airlines
MBU,2854,Marabu
ANE,2816,Air Nostrum
ACA,2723,Air Canada
LGL,2503,Luxair
IBS,2283,Iberia Express
EFD,2216,E Aviation / EFD Eisele Flugdienst
ICE,2179,Icelandair
SIA,2154,Singapore Airlines
SWT,2104,Swiftair
EZS,2073,Easyjet Switzerland
ADN,1975,Aero-Dienst
PBW,1947,Polizeihubschrauberstaffel Baden-Württemberg
NSZ,1752,Norwegian Air Sweden AOC
VJT,1722,VistaJet
SDR,1703,Sundair
VJH,1678,VistaJet
CXI,1675,Corendon Airlines Europe
ELY,1640,EL AL
WMT,1640,Wizz Air Malta
DCS,1631,DC Aviation
FHY,1626,Freebird Airlines
AAL,1603,American Airlines
ANA,1492,All Nippon Airways
KMM,1489,KM Malta Airlines
GPX,1456,GP Aviation
HUM,1431,Hummingbird Helicopters Maldives
MNB,1420,MNG Airlines
ATL,1388,Atlas Air Service
DIA,1366,Direct Air
THA,1321,Thai Airways International
SWU,1312,skyalps
GAC,1240,GlobeAir
SEH,1208,Sky Express
VOE,1142,Volotea
TVF,1128,Transavia France
DMS,1111,Diamond Sky
QTR,998,Qatar Airways
IFA,997,FAI Rent-a-Jet
SAR,991,SprintAir Cargo
UNI,943,Unicair
PWF,930,Private Wings
ROT,917,TAROM
ETD,907,Etihad
MGH,900,Mavi Gök Airlines (MGA)
JFA,893,Jetfly Aviation
SRN,867,SprintAir
DIP,860,Diplomatic Freight Services
DEN,799,SAS Danmark
EUL,795,EURO LINK
JEI,739,Jet Executive International Charter
DIL,731,Dialogaero
PAV,730,ProAir Aviation
DIS,714,Aerodis Aviacion
OEF,700,
TAH,696,Air Anka
DIE,689,
DIG,688,PassionAir
MSC,671,Air Cairo
PVD,668,PADAVIATION
AAR,664,Asiana Airlines
DIB,663,
ECA,654,Excellent Air
BTX,654,Volkswagen AirService
CAL,651,China Airlines
ART,642,Smartlynx Airlines
LZB,635,Bulgaria Air
FPY,632,Compagnie Africaine d'Aviation CAA
BFX,622,Fly Away
KAL,620,Korean Air
FPO,603,ASL Airlines France
AXE,603,AirExplore
QGA,595,Windrose Air
HBJ,585,
CGF,578,Cargo Air
CCA,572,Air China
AIC,570,Air India
WIF,565,Wideroe's
JAL,560,Japan Airlines
CPA,560,Cathay Pacific Airways
SFG,554,Spree Flug
DES,554,Servicios Aereos Especializados Destina
DIM,552,
TVS,538,Smartwings
AWU,525,Sylt Air
QAJ,525,Quick Air Jet Charter
DEE,518,Dixie Airways
MMF,511,NATO Support and Procurement Agency
DFC,509,Aeropartner
SCR,506,Silver Cloud Air
ENT,497,Enter Air
KAC,484,Kuwait Airways
DCP,478,Delta Connection Limited
LCO,477,LATAM Cargo Chile
DHB,475,
PTN,460,Platoon Aviation
DCT,456,Directflight
FSF,453,FLY7
CKS,448,Kalitta Air
AZE,445,Arcus Air
SVA,435,Saudi Arabian Airlines
AMC,432,Air Malta
DWW,430,DAS Private Jets
DHX,423,DHL Aviation
HRN,420,Heron Luftfahrt
DIK,415,
FHM,415,Freebird Airlines Europe
DER,414,Deer Jet
DCC,406,Caribbean Air Cargo
VTI,398,Avirciti
DIF,387,
IJM,383,International Jet Management
FCK,375,FCS Flight Calibration Serivces
AOJ,373,Avcon Jet
DFE,363,
DCI,358,
DIN,356,Aerodin
DEP,356,Dardan Air
DCD,355,Air26
STQ,347,Star Wings Dortmund
DEF,335,Aviation Defense Service
RUK,333,Ryanair UK
DIC,331,Aeromedica
DEO,331,
HHN,330,Hahn Air Lines
T7R,330,
GSW,327,Sky Wings
DEX,326,Interflight
DFO,326,
DEM,320,Destiladora de Alcoholes Y Mieles
DFP,319,
FJO,314,Flexjet Operations Malta
MMD,311,Air Alsie
MAC,304,Air Arabia Maroc
OEG,303,Orient Eagle Airways
MCK,299,aeroways
EVA,298,EVA Airways
DUK,297,Ducair
DFR,290,
GER,286,German Airways
ADB,283,Antonov Design Bureau / Antonov Airlines
ATV,283,Avanti Air
AWH,283,Aerowest
HYS,282,HiSky Europe
DCB,279,
TJS,275,Tyrolean Jet Service
LAV,275,Alba Star.es
AMB,271,DRF - Stiftung Luftrettung Gemeinnuetzige AG
RGN,270,Cygnus Air
DBO,268,Royal Phoenix Airlines
BMW,267,BMW
AXY,267,Air X Charter
NGN,266,LEAV Aviation
LDX,263,SPARFELL Luftfahrt
DEI,262,Ecoair
TGW,259,Scoot
FYL,258,Flying Group Luxembourg
BUC,258,European Air Charter
CSN,258,China Southern Airlines
OMA,257,Oman Air
TAM,250,LATAM Airlines Brasil
BGA,245,Airbus Transport International
NBT,245,Norse Atlantic Airways
MSR,241,Egyptair
DFL,237,Babcock Scandinavian AirAmbulance
UVL,237,Universal Air
VPC,235,Panaviatic
CAO,235,Air China Cargo
ISR,235,Israir Airlines
FRF,234,Fleet Air International
DFI,232,
BPO,231,Bundespolizei-Fliegergruppe
AYJ,230,Zeman Nextgen
JDI,220,Jet Story
DHD,217,
LIL,217,Fly Lili
FRO,216,FROST Air
OKP,215,Okapi Airways
HBF,212,
DCW,207,DC Aviation
GTI,207,Atlas Air
BNI,203,Bartolini Air
DIO,202,
TMT,202,Titan Airways Malta
DCU,199,DC Aviation San Marino
BFD,198,Bertelsmann AG
DEB,196,Debonair Airways
RRR,195,RAF-HQSTC (Air Transport)
DIH,194,
PTO,193,Pilot Training Network
ELG,193,Elangeni
MHV,192,MHS Aviation
HVN,188,Vietnam Airlines
LWG,188,Luxwing
NOS,187,Neos
BVR,186,ACM Air Charter
DET,185,Delta Aviation
DEL,184,Delta Air Regionalflugverkhr
BRJ,182,Bairline
CMB,181,U.S. Transportation Command
N70,180,
MOZ,179,SalzburgJetAviation
JFL,177,Jetfly Airlines
DED,176,
KAY,176,K5-Aviation
DEV,174,Red Devils Parachute Display Team
ABP,173,ABS Jets
DTR,170,DAT
MAB,169,Airborne LiDAR Mapping
DIW,169,
SAH,168,Smart Jet
N60,167,
DCH,167,DC Aviation Switzerland
LXG,166,Luxaviation Germany
AGR,166,ASL
TGZ,165,Georgian Airways
DFU,165,
JAR,165,Airlink
MDF,163,Swiftair Hellas
PJV,163,Premium Jet
AAB,163,Luxaviation Belgium
SPA,162,Sierra Pacific Airlines
DBA,160,Air Alpha
UAG,160,Union Aviation
EXS,160,Jet2.com
JSG,156,B. J. Aviation
DBJ,155,Duchess Of Brittany
DAH,155,Air Algerie
DFH,154,
CKK,153,China Cargo Airlines
OYT,153,
JBD,151,Jet Aviation Business Jets Deutschland
HBL,150,HKJ Bermuda
MYX,147,Smartlynx Airlines Estonia
DFF,146,
SUA,146,Silesia Air
BBD,145,Bluebird Cargo
N78,142,
DAA,142,Decatur Aviation
SEK,142,Star East Airline
FCA,142,Fly-Coop
AMQ,141,AMC Aviation
DEZ,140,
RHH,133,Redstar Aviation
OEE,133,
LBT,132,Nouvelair Tunisie
DEA,131,Delta Aerotaxi
RAM,131,Royal Air Maroc
TOY,128,Toyo Aviation
DHA,127,DHL Air (Austria)
N12,126,
NMA,126,Nesma Airlines
DIQ,125,
MEA,124,MEA
SVW,123,Global Jet Luxembourg
DFA,122,Aero Coach Aviation International
OKC,121,Private Jets
CES,121,China Eastern Airlines
GES,120,Gestair
N18,120,
XRO,120,Exxaero
BOH,120,Air Bohemia
BBG,119,Blue Bird Airways
TJD,117,Aliserio
GFA,117,Gulf Air
N22,117,
DFB,117,
DFG,116,
DIT,116,
TDR,116,Trade Air
TWI,116,Tailwind Airlines
CAZ,115,CAT Aviation
TIE,115,Time Air
FHG,115,Flying Hope
JME,111,EJME (Portugal) Aircraft Management
S5B,110,
NIA,110,Nile Air
VTB,109,Jet Stream Charter
JSY,109,Jung Sky
ALE,109,Alliance Executive Jets
DAT,109,Delta Air Transport
LXJ,108,Flexjet
MLW,108,
BCY,107,Cityjet
RZO,107,Azores Airlines
DIR,107,Flyyo
TYW,105,Tyrol Air Ambulance
PAC,105,Polar Air Cargo
9AJ,104,
ETH,103,Ethiopian Airlines
CTM,103,Commandement du Transport Aerien Militaire Francais
GAV,102,Global Reach Aviation
LYX,102,SmartLynx Airlines Malta
N52,101,
FYG,101,Flying Service
BID,100,Binair
DFT,99,Skydrift Aircharter
FTY,99,Fly Tyrol
DEU,99,
ALK,98,SriLankan Airlines
CJT,98,Cargojet Airways
OEI,95,
RJA,95,Royal Jordanian
N71,95,
DID,95,
DFS,95,Dwyer Aircraft Sales
DEG,93,
VCJ,92,Avcon Jet Malta
AAO,92,Alpha Aviation
HBV,91,
EUW,91,EFS European Flight Service
LNX,90,London Executive Aviation
DEK,88,AviaStar
DEH,88,
CND,88,Corendon Dutch Airlines
LHB,87,Liebherr-Aviation
ABF,86,Scanwings
N51,85,
GFD,85,Gesellschaft Fur Flugzieldarstellung
OKN,85,
ATI,85,Art Avia
DHH,84,
FLJ,84,Flexjet Operations
SKV,83,Skyside
SUS,83,Sun Air of Scandinavia
DBE,83,Danube-Air
SUI,83,Swiss Air Force
DOR,83,General Atomics Aerotec Systems
T7B,82,
ELJ,80,Elite Jet
EDL,79,Polizeihubschrauberstaffel Bayern
VLJ,79,Valljet
FXT,78,Flexflight
DCN,78,"Federal Armed Forces, Federal Republic of Germany"
TWG,78,Air-Taxi Europe
S5C,77,
DGJ,77,DigaJet
DFK,77,
BBB,76,Balair
OOM,76,Zoom Airlines
N98,75,
JBC,74,Jetbee Czech
DCV,74,Discover Air
PNC,74,Prince Aviation
HUE,74,Haute Aviation
GAM,74,German Army
DGF,73,
N90,73,
AEG,73,Airest
MYJ,72,My Jet
TOM,72,TUI Airways
FRC,72,Franconia Air Service
JPV,71,Jet Pool Network
N66,71,
T7C,70,
DOV,70,Dove Air
N27,69,
SFS,69,Swiss Flight Services
OKA,69,Okay Airways
DEC,69,Deltacraft
N15,68,
N80,67,
IGA,67,SkyTaxi
SIO,67,Sirio
PVG,66,Privilege Style
QFX,66,SPARFELL Malta
GDK,65,Goldeck-Flug
MOC,64,Aero Marat
OOA,64,
ADZ,64,Compass Air Cargo
KLJ,63,KlasJet
SWN,63,West Atlantic Sweden
CVK,63,Cavok Air
PHC,62,Petroleum Helicopters de Colombia
GCK,62,Glock Aviation
LYL,62,
IGT,61,Georgian Airlines
EJM,60,Executive Jet Management
N11,59,
PGC,59,European Aircraft Private Club (EAPC)
ABD,59,Air Atlanta Icelandic
N77,59,
LRQ,59,
SAZ,59,Swiss Air-Ambulance
HBI,58,CHC Denmark APS
VLZ,58,Volare Aviation
OKM,57,
PEA,57,Pan Europeenne Air Service
BHZ,57,BHS Aviation
OED,57,Orion Air Charter
N17,56,
NTF,56,OK Business Aircraft
CAT,56,Copenhagen Airtaxi
CFC,56,Canadian Armed Forces
N14,55,
PHT,55,PanJet
JAF,55,TUI fly Belgium
DCO,55,Distribuidora Y Comercializadora Jaz
ULC,54,Albinati Aviation
N85,54,
BZE,54,Zenith Aviation
LXA,54,Luxaviation
N55,54,
ASJ,54,Astonjet
NUM,54,Nomad Aviation
T7M,53,
N72,53,
N88,53,
OEK,53,
VCG,52,Catreus AOC
EDC,52,Air Charter Scotland
HBK,52,
FNK,51,IAS Itzehoer Airservice
N99,51,
TWY,51,Solaris Aviation
HBP,51,
TCA,51,Tradecraft Nigeria
CSC,51,Sichuan Airlines
GLJ,51,Global Jet Austria
9AD,50,
HAT,50,Air Horizont
FMY,50,Aviation Legere de L'armee de Terre
MDT,50,Sundt Air
N81,49,
GSM,49,Gestair Aviation Malta
N13,49,
N62,49,
OKV,49,
MAE,48,Mali Air Luftverkehr Gesellschaft
EAT,48,Air Transport
T75,48,
ABB,48,Air Belgium
N50,47,
UEE,47,United Eagle
DCR,47,Discovery Ltd
XGO,47,AirGO Private Airline
TRA,47,Transavia
DEW,47,
RES,47,Australian Maritime Safety Authority (AMSA)
N53,46,
QAV,46,QA Aviation
EAU,46,Elitavia Malta
ZSD,46,
DFM,45,
N82,45,
CNV,45,U.S. Navy Reserve Logistic Air Forces
TCS,45,Transportes de Carga Aerea Especializada
TTJ,45,Tatra Jet
PJJ,45,Paradox Jets
ALX,45,Alpi Jets
N58,44,
N65,44,
CRO,44,Crown Airways
EVE,43,iberojet
N21,43,
NCR,43,National Airlines
CLF,43,Centreline
FHJ,42,
GRB,42,Phoenix Air Group
DMR,42,Helidosa Aviation Group
N25,42,
EIS,42,E.I.S. Aircraft
DCM,42,Fltplan
JMP,41,Business Wings
BAE,41,British Aerospace
N10,41,
TAR,41,Tunisair
OHW,41,
TUA,41,Turkmenistan Airlines
NYX,40,Nyxair
HAZ,40,
OKF,40,
DEJ,40,Dana Executive Jets
,40,
VAL,40,Voyageur Airways
IXR,39,iXAir
SOP,38,Solinair
DFW,38,
SSR,37,Sardinian Sky Service
FHL,37,Fast Helicopters
N20,37,
OYC,36,Conair
TBJ,36,TAG Aviation Asia
FSE,36,Alpine Flightservice
TCK,36,Trans Caravan
OOR,36,
TEU,36,TAG Aviation
BAF,36,Belgian Air Force
LZL,36,
DFQ,36,
N67,35,
TWB,35,T'Way Airline
OKD,35,
HKH,35,Air-Invest
HUA,35,Hungary Airlines
ECC,35,Éclair
OKT,34,Soko Aviation
OKE,34,
CSR,34,CAE GmbH
JAS,34,Jet Aviation Flight Services
DGA,34,Yellow River Delta General Aviation
VND,34,Avionord
HLF,34,Central Airlines
IAM,34,Aeronautica Militare Italiana
N49,34,
DAS,34,Dialogue-S-Aero
T7F,34,
T7A,34,
CHH,33,Hainan Airlines
DMQ,33,Daallo Airlines (Somalia)
TFL,33,TUI fly Netherlands
HFM,33,Hi Fly
AEL,33,Aegle Aviation (Aruba)
PHA,33,ASL Airlines Australia
AME,33,Spanish Air Force
NFA,33,North Flying
N47,32,
N95,32,
LZP,32,Air Ban
MAR,32,Air Mediterranean
PHU,32,Pannon Air Service
N42,32,
MSA,32,Poste Air Cargo
N16,32,
OMX,32,
OOD,32,
UZB,32,Uzbekistan Airways
FHV,32,Flyverhjemmevaernet
MMO,31,Malta MedAir
DMM,31,
OSY,31,Open Skies Consultative Commission (OSCC)
CHR,31,"Chairman Airmotive II, LLC"
MJF,31,Mjet
DME,31,
EDW,31,Edelweiss Air
LJC,31,Regency Jet
DCJ,31,
DGI,31,
N35,30,
N93,30,
DHT,30,
VVV,30,Valair-Aviacao
AUR,30,Aurigny Air Services
PHV,30,Phenix Aviation
OYG,30,
N94,29,
DHJ,29,
N68,29,
BRO,29,2Excel Aviation
SUZ,29,Zeusch Aviation
N76,29,
N26,29,
JVW,29,Jet View
TLJ,29,Thalair
DBP,29,Compagnie Africaine d'Aviation
SPM,29,Air Saint Pierre
FHR,29,hoper
QQE,29,Qatar Executive
FIX,29,Fox Aviation
AHY,29,Azerbaijan Airlines
DEY,28,
VPB,28,Veteran Air
OOG,28,
BCI,28,Blue Islands
DSO,27,Dassault Falcon Service
LSV,27,Slovenian Ministry of Defence
N57,27,
VAJ,27,Avcon Jet
HBD,27,Hubbardair Ltd.
AWC,27,Titan Airways
LUA,27,Luminair
SEE,27,Shaheen Air Cargo
LLT,26,Classic Jet
MGL,26,MIAT - Mongolian Airlines
PHM,26,PHI
N32,26,
RYS,26,BUZZ
MLH,26,Avion Express Malta
OOV,26,
IRL,26,Irish Air Corps
T7T,26,
BOM,26,Haute Aviation
N24,26,
N54,25,
JTI,25,Imperialjet Europe
ESW,25,ASG Business Aviation
ALA,25,Albion Aviation
SVF,25,Swedish Armed Forces
AEH,25,Amelia International
N61,25,
GFM,25,Grafair Flight Management
T7S,25,
SMR,25,Somon Air
DEQ,25,
OKB,25,
SEM,24,Cape Central Airways
LTC,24,Chater JETS
N59,24,
PHP,24,Pannon Airlines Air-transporting
OYS,24,
PHF,24,Shaanxi Phoenix International Flying College
JCO,24,Jet Concierge Club
TES,24,Taespejo Portugal
CPV,24,Air Corporate
N56,24,
JNJ,24,JoinJet
N37,24,
MOB,24,
N30,24,
DMJ,24,Global Air
9AC,23,
HBZ,23,
P4B,23,
IBI,23,
DAW,23,Duo Airways
N41,23,
OKI,23,
N79,23,
SWW,23,Swiss Private Jet
RCR,23,ROMCargo Airlines
N63,22,
R20,22,
OKK,22,
FHS,22,FlyJaya
N23,22,
DBT,22,DB Aviation
N36,22,
DGG,22,
GEL,22,Geo Sky
OEL,22,Ontario Express
N45,22,
N40,22,
PIK,21,Polizeihubschrauberstaffel Sachsen-Anhalt
LOL,21,Easycharter
ITL,21,Italfly
NJU,21,Netjets Air Transport UK
HYP,21,Hyperion Aviation
VJA,21,Vista America
N91,21,
N48,21,
TCC,21,Trans Continental Airlines
SCO,21,Air Charter Scotland Europe
T7K,21,
N33,21,
N74,21,
DGD,20,Skyway
EFW,20,BA EuroFlyer
DIY,20,
PJZ,20,Premium Jet
EJO,20,Execujet Middle East
FOE,20,Fly One Airlines
RFR,20,Royal Air Force (R.A.F.)
CYF,20,Tus Airways
APP,20,Alpavia
HMJ,20,Harmony Jets
OYF,20,
OEX,20,
JOK,20,
MAA,19,MasAir
FHP,19,
HBS,19,
N86,19,
LXM,19,Luxaviation Malta
RDF,19,Eurocopter Deutschland
KFE,19,Skyfirst
OON,19,
VTF,19,Veteran Avia
SSG,19,Slovak Government Flying Service
OKJ,19,Okada Airlines
JEF,19,Jetflite
TCL,19,Coastal Air Transport
KZR,18,Air Astana
DMD,18,Namdeb Diamond Corporation
N75,18,
T7V,18,
DAB,18,Dassault Aviation
SXN,18,SaxonAir
TCE,18,Trans Colorado Airlines
INI,18,Initium Aviation
DIX,18,Dix Aviation
EZE,18,Air Kilroe Limited
NAF,18,Royal Netherlands Air Force
JSD,18,B. J. Aviation
ORT,18,Ortac AOC Ltd.
HBC,18,Haitian Aviation Line
ORF,18,Oman Royal Flight
4XC,17,
Z3M,17,
DMZ,17,
N19,17,
MED,17,Med Airways
GNJ,17,GainJet
PHH,17,Polizeihubschrauberstaffel Hessen
TCT,17,Transcontinental Sur
EGT,17,EGT Jet
SXJ,17,Shanxi Shenfei Jet
N43,17,
OEC,17,
T7L,17,
STL,17,Stapleford Flight Centre
PHG,17,Phoenix Aviation
DMP,17,
OKS,17,Slok Air International
DMX,17,
N31,16,
HRT,16,Chartright Air
DMC,16,Aerodinamica de Monterrey
DMI,16,Aeroservicios Dimamicos
PHJ,16,Corporate Jet
DNU,16,DAT
MFR,16,Midline Air Freight
TCV,16,Cabo Verde Airlines
HCX,16,Helsinki Citycopter
TCG,16,Thai Air Cargo
DHR,16,JettAircraft
UBD,16,UR Airlines
ARL,16,Airlec Air Espace
PHR,16,Pharaoh Airlines
HZS,16,Aviation Horizons
N34,16,
PCH,16,Pilatus Flugzeugwerke
N87,16,
DIV,16,
APX,15,Naljets Limited
MNE,15,Air Montenegro
N69,15,
LMJ,15,"Luxaviation E.A, S.A."
TCM,15,Teledyne Continental Motors
OYB,15,
PCT,15,Peace Air Togo
VM2,15,
T7O,15,
SXA,15,Southern Cross Aviation
N92,15,
OAW,15,Helvetic
FLC,15,"US Department of Transport, Federal Aviation Administration, Flight Inspection Services."
KPO,15,Fly Alliance
IAD,14,Air India Express
CPI,14,C.A.I. - Compagnia Aeronautica Italiana
DCL,14,Transportes Aereos Don Carlos
YUM,14,
CBM,14,DragonFly Executive Air Charter
GJE,14,Global Air Charters
PHE,14,Pawan Hans
DBD,14,Air Niagara
DFJ,14,
BYD,14,Beond
GVE,14,
FIA,14,FlyOne
OOC,14,
DHL,14,DHL Airways
CSS,14,SF Airlines
AJO,14,Av8jet Charter
N44,14,
AZG,14,Silk Way West Airlines
HL8,14,
N28,13,
CGI,13,Bristow Ireland Limited
DML,13,Getjet Airlines Latvia
GCB,13,Lignes Nationales Aeriennes - Linacongo
AIB,13,Airbus Industrie
HBT,13,Polizeihubschrauberstaffel Thüringen
HEZ,13,Arrow Aviation
DKU,13,
MBA,13,Avag Air
N89,13,
CEF,13,Czech Air Force
N96,13,
MLM,13,Comlux Malta
DCF,13,DC Aviation Al-Futtaim
DHS,13,
PEX,13,Shell Aircraft
DMF,13,Dmcfly
9HW,13,
GNY,13,German Navy
PAT,13,"Department Of The Army, Priority Air Transport"
UKN,13,Ukraine Air Enterprise
ABX,12,ABX Air
MIN,12,Business European Airways
VTS,12,Everts Air
LSA,12,Leader
OMO,12,
ATG,12,Aerotranscargo
N46,12,
DGM,12,
SPR,12,PAL Aerospace
RCH,12,Air Mobility Command (AMC)
AIZ,12,Arkia Israeli Airlines
OOL,12,
DKB,12,
SJI,12,Smart Jet International
TCD,12,Tchad Airlines
ITI,12,iNTAIRLINE
SCT,12,Saab-Aircraft
DBV,12,
9HP,12,
BAG,12,Birdbase Aviation
OKR,12,
EUP,12,Pan Europeenne
MFX,11,My Freighter
OOH,11,
SEU,11,SkyUp MT
ROF,11,Romanian Air Force
DAN,11,Dan-Air
SON,11,Acass Ireland
TLK,11,Starlink Aviation
SYB,11,Skyservice Business Aviation
GRI,11,Air Cargo Center
TFF,11,Talon Air
SPE,11,Sprague Electric Co.
FGM,11,
HMZ,11,Zafer Air
PVR,11,Priv'Air
HAI,11,Hai Au Aviation
N73,11,
KRH,11,UK Royal / VIP Flights
IMX,11,Zimex Aviation
FEG,11,flyEgypt
SPW,11,Speedwings
JTY,11,Jetology
JKH,11,Jetkontor
JML,11,Jet Aviation Flight Services (Malta) Ltd.
PHW,11,ave.com
JTD,11,Jettime
PHS,11,Polizeihubschrauberstaffel Sachsen
BIX,10,Braathens International Airways
EOA,10,Elilombarda
PHB,10,Phoebus Apollo Aviation
PHK,10,
DPT,10,Libertas Airways
DHC,10,De Havilland Aircraft of Canada
FNF,10,Finnish Air Force
PLF,10,Polish Air Force
CFM,10,ACEF - Transportes Aereos Cargas
B65,10,
DMN,10,Diamond Flight Academy Scandinavia
DMV,10,
VQB,10,
MJP,10,Air Majoro
HKY,10,
OOS,10,
FHA,10,Foshing Airline
2CO,10,
DGE,10,
HBG,10,Hamburg Chile Airlines
HCR,10,1903 Aviation
FIZ,10,Let’s Fly
CGO,10,Chicago Air
ORO,10,Clipper Jet
FGE,10,Federal Air G.E. Airlines
SPD,10,Sky Prime Charter
SPN,10,Skorpion Air
KRF,10,UK Royal / VIP Flights
KOC,10,SetAir
AEZ,10,Aeroitalia
IGB,10,
OKU,10,
DMH,10,
OOO,10,Oneclick
YUB,10,
SPI,10,South Pacific Island Airways
N64,10,
UPA,10,Air Foyle
DAF,9,Danish Air Force
FGX,9,
OOP,9,
DMW,9,
MMB,9,
LED,9,Field Group Aviation
HNW,9,Honeywell
HAF,9,Hellenic Air Force
DBH,9,Northeast Airlines
SAL,9,Sociedad Aeronautica Peninsular
MRL,9,Aeromorelos
PHI,9,Philips Aviation Services
PHL,9,Phillips Michigan City Flying Service
DHE,9,DAP Helicopteros
GOT,9,Waltair Europe
N29,9,
DMT,9,Air Dan
EAL,9,Eastern Airlines
DMK,9,
LXZ,9,
TCF,9,Florida Institute of Technology
OMV,9,
LNE,9,LATAM Airlines Ecuador
ROJ,9,Royal Jet
EAS,9,Executive Aero Space
OHR,9,
OKO,9,
MPO,9,Transportes Aereos Amparo
MIC,8,Aerolineas de Michoacan
SER,8,Sentra Airways
CNE,8,Commuter Express
VIR,8,Virgin Atlantic
MER,8,Methow Aviation
MYN,8,Mayan World Airlines
BBT,8,BBN Airlines
OMN,8,Sultan of Oman Air Force
BNO,8,Babcock Scandinavian AirAmbulance
BGF,8,Government of Bulgaria
MKG,8,Air Mekong
MOL,8,Shah Air
PHD,8,Duncan Aviation
ESS,8,ESS-Luftfahrtunternehmen
PVA,8,Planet 9
NHC,8,Northern Helicopter
FHE,8,Hello
BRX,8,Braathens Regional Airways
DFY,8,
OYE,8,Koda International
R26,8,
SPG,8,Nordjet Airlines
YUS,8,
DFD,8,
OOT,8,Out of the Blue Air Safaris
CRX,8,Cross Aviation
LOK,8,Alok Air
CSD,8,Courier Services
T7N,8,
YUP,8,
ESM,8,Executive Aircraft Services
OKH,8,
SAV,8,Sun Air
ESI,8,ESI Eliservizi Italiani
GMD,8,gulfmed Aviation Services
T7D,7,
N2C,7,
VKA,7,Vulkan Air
T73,7,
T7H,7,
SPT,7,Servicio Superior Ejecutivo
AZD,7,Zimex Aviation Austria
NVD,7,Avion Express
EXJ,7,Executive Jet Charter
DHM,7,Archer Aviation
OEH,7,
IED,7,
EST,7,Flugfelag Austurlands
DMU,7,
SPS,7,SPASA
DMO,7,Domodedovo Airlines
GFI,7,Caribbean Star Airlines
KAF,7,Kyrgyz Air
N97,7,
B81,7,
N84,7,
CGH,7,Guizhou Airlines
LIF,7,Rocky Mountain
QAF,7,Qatar Amiri Flight
SPF,7,Space World Airline
PBB,7,Polizeihubschrauberstaffel Brandenburg
TAG,7,TAG Aviation San Marino
FHN,7,
SIS,7,Silver Air
HLJ,7,Hello Jets
RTA,7,Blocked
OOX,7,
TCI,7,Amber Aviation
DGB,7,
N38,7,
MGE,7,Asia Pacific Airlines
MGZ,7,
DMY,7,
XAR,7,Express Air
YRS,7,
2FA,7,
2LI,6,
DAG,6,Daghestan Airlines
EMC,6,247 Aviation
FHC,6,
SAM,6,United States Air Force 89th Airlift Wing
SWA,6,Southwest Airlines
DNC,6,Aerodynamics Malaga
PVJ,6,Privajet
PRG,6,Air Prague
POL,6,Rikspolisstyrelsen
GCM,6,Comair Flight Services - CFS
CLX,6,Cargolux Airlines International
FWS,6,
RGA,6,Swiss Air-Ambulance
T7X,6,
GJI,6,GainJet Ireland
CGJ,6,
CGS,6,SolitAir
BGH,6,BH Air
OYM,6,
OYP,6,
DKY,6,
VKG,6,SunClass Airlines
GWZ,6,Golden Wings Charter
GUL,6,Gull Air
VHL,6,
GTA,6,Gitanair
GOU,6,
AXS,6,Axis Aviation San Marino
P4S,6,
MOO,6,Moonair
ETI,6,Hummingbird Aviation Services
VXS,6,Voluxis
BQA,6,Boutique Aviation
UNY,6,"Lund University School of Aviation, TFHS"
LFO,6,DLR Deutsches Zentrum Fur Luft-Und Raumfahrt E.V.
KNE,6,flynas
DHF,6,
MAT,6,Maine Aviation Corporation
LVA,6,Hawaiian Globetrotter
N39,6,
N83,6,
DHP,6,
N2P,6,
HZK,6,
HZA,6,Horizon Airlines
ISK,6,Intersky
OEA,6,Orient Thai Airlines
ICL,6,Challenge Airlines IL
OAV,6,Omni - Aviacao E Tecnologia
MAD,6,Malone Aircharter
N1R,6,
BLX,6,TUIfly Nordic
JTL,6,Jet Linx Aviation
LXD,6,
LXL,6,Air Wings
N1P,6,
IXP,6,
JCB,6,J C Bamford Excavators
SXR,5,Sky Express
EFF,5,Westair Aviation
SPK,5,Solstas Lab
DMB,5,Aerorental
R08,5,
AOM,5,Air Ocena Maroc
T7P,5,
T7J,5,
MKE,5,Megantara Air
FHD,5,
CWG,5,Wing Aviation
SHJ,5,Sharjah Ruler's Royal Flight
MTN,5,Mountain Air Cargo
SPV,5,Servicios Privados de Aviacion
P4G,5,
GTR,5,Galistair
OYJ,5,
OYO,5,Oyonnair
DMA,5,Maersk Air
OE7,5,
BAH,5,The Amiri Flight - Bahrain
TRK,5,Turkish Airlines General Aviation
MDM,5,Medaiva
AZQ,5,Silk Way
DJ3,5,
MBI,5,Mountian Bird
ITE,5,Aerotaxi
DHY,5,
LXS,5,Lynx Servicios Aereos
CFY,5,
USY,5,USC
LYF,5,Lithuanian Air Force Safety Department
DGO,5,Dgo Jet
LUC,5,Albinati Aeronautics
3AM,5,
2JE,4,
YRJ,4,
WUK,4,Wizz Air UK
YRT,4,
N4C,4,
YUG,4,
ESV,4,
SLM,4,Surinam Airways
CRL,4,CorsAir
VV1,4,
XAC,4,Air Charter World
MAP,4,Altair Jets
LNL,4,
ELF,4,flyGR8
FGC,4,Departamento de Agricultura de La Generalitat de Cataluna
FGI,4,
N4F,4,
SLS,4,Super Legacy
CRV,4,Acropolis Aviation
T72,4,
SVI,4,Sky Vision Airlines
SXI,4,Southern Cross International
S5D,4,
DFN,4,
DE4,4,
DGX,4,Dasnair
LEX,4,Lexair Corporate Aviation
LEA,4,Leadair Unijet
FJK,4,Fly Jet.kz
FHT,4,
FHU,4,
FWW,4,
EIL,4,
KQA,4,Kenya Airways
SEL,4,Sentel Corporation
SEJ,4,SpiceJet
TUG,4,Turkmenhowayollary
KIN,4,Kinloss FTU
KFB,4,"Superior Transportation Associates, Inc d/b/a STAjets"
N6D,4,
9MN,4,
MYB,4,Aerolineas Del Mayab
MPI,4,Mosphil Aero
MOV,4,VIM Airlines
JIV,4,Jivair
GAT,4,Gulf Air
GBH,4,Global Avia Handling
GBO,4,Ogooue Air Cargo
CNG,4,Coastal Airways
GCC,4,GECAS
MJS,4,My Jet Saver
MJH,4,
RMX,4,Air Master
RDN,4,Red Barn Operations
LXP,4,LATAM Airlines Chile
MBE,4,Martin-Baker
JF0,4,
9HO,4,
C10,4,
NPT,4,West Atlantic UK
XED,4,Xead Aviation
AEW,4,Aegean Executive
XRC,4,Express Air Cargo
VTO,4,Air Vitosha
SUB,4,Suburban Air Freight
AHK,4,AHK Air Hong Kong
OYR,4,
ATU,4,Aerotours GmbH
OYA,4,FLY OYA
SR6,4,
DAC,4,Dominion Air
D2A,4,
OYH,4,
P4A,4,
HLR,4,Heli Air Services
TIH,4,Ion Tiriac
TCO,4,Aero Transcolombiana de Carga
AXA,4,RP Aircraft Management
HBR,4,Hebridean Air Services
PYN,4,fly wales
BBA,4,Bombardier
IMI,4,Imperial Aerotransporte
TTD,4,Servicios Aereos Interestatales
DBM,4,
DRA,4,Deer Air
DMG,4,
ECN,4,Euro Continental Air
AQS,4,Airstream
CGA,4,Congo Airways
DKA,4,Dokia Air
DJ4,4,
MSE,4,MAS Havacilik Ve Merkezi Pazarlama Tic.
IJA,4,International Jet Aviation Services
MEG,4,Megamicro
TCH,4,Transcontinental Air
PRI,4,Aero Private
PPA,4,Propheter Aviation
PLA,4,Polynesian Air-Ways
PPM,4,Pacific Pearl Airways Corporation
DII,4,
DIJ,4,
DJ2,4,
GUX,4,
GRV,4,Epsilon Aviation
VLB,4,Air Volta
GZA,4,Grenzland Air Service
VH8,4,
TCJ,4,TAG Aviation (Cayman)
HZN,4,Horizon Airlines
OEU,4,
P4E,4,
P4H,4,
GLS,4,Galaircervis
GLD,4,Golden Star Air Cargo
GMA,4,Gama Aviation
HSO,4,Heli Service International
PDY,4,Pen-Avia
PEV,4,People’s
GIZ,4,Africa Airlines
GJA,4,NorthStar Air Tours
DKR,4,Darik Sky
DKK,4,
DKI,4,
DKF,4,
OOF,4,
MJE,4,Empire Aviation Group
MIL,4,Blocked
HBY,4,
T77,3,
FLI,3,Atlantic Airways
LH1,3,
SEG,3,Eagle International
LAS,3,Skymedia
DE2,3,
MTO,3,Marathon Airlines S.A.
2KY,3,
2DE,3,
LNA,3,LNAir Air Services
SLJ,3,Slam Lavori Aerei
SMB,3,Skymark Executive
BVL,3,Bul Air
BR3,3,
4OM,3,
TYJ,3,Tyrolean Jet Services Malta
T71,3,
SWX,3,Wermlandsflyg
FLO,3,Flycom
DUB,3,Dubai Air Wing / Royal Flight
NAM,3,Government Air Transport Services
9HR,3,
T7E,3,
CBA,3,Air Navigation Services of the Czech Republic
CCD,3,Dalian Airlines
COS,3,Air 7
BCO,3,Airbus Beluga Transport
BBC,3,Biman Bangladesh Airlines
BES,3,Aero Services Executive
OHT,3,
PRP,3,PRT Aviation
MAK,3,Maklee Air
PSS,3,"RKC Progress, Air Company"
KEJ,3,Kaz Air Jet
IMY,3,
CFJ,3,Fujian Airlines
ARG,3,Aerolineas Argentinas
E7G,3,
EAA,3,Elit'Avia International
JOC,3,Just-Us Air
GCG,3,
PHZ,3,
P4U,3,
DKC,3,
V8M,3,
VHF,3,
GRA,3,Guardian Air Asset Management
HAW,3,Hawkair
OMS,3,SalamAir
TCR,3,Laneas Aereas Trans Costa Rica
HEL,3,Helicol. Helicopteros Nacionales de Colombia
P47,3,
OY0,3,
HBX,3,
AUH,3,Abu Dhabi Amiri Flight
EKT,3,European SAO
VTR,3,Traverse-Avia Service
FAC,3,Atlantic Helicopters
MNS,3,Medsky Airways
MMT,3,SAM Intercontinental Group
XAL,2,Airlines of Tasmania
2SI,2,
2OO,2,
MOT,2,Aeromonterrey
MMZ,2,EuroAtlantic Airways
ADS,2,Anderson Air
ZER,2,
VTJ,2,
5NJ,2,
FDS,2,African Medical and Research Foundation
EW6,2,
DAM,2,"DAMES, Department of aviation under the Ministry of Emergency Situaion"
DAI,2,Denair Aviation
CXB,2,Comlux Aruba
STW,2,Southwind Airlines
SSZ,2,Specsavers Aviation
ZTH,2,
YLS,2,
GST,2,Global SuperTanker Services
OYN,2,
OYL,2,
OYI,2,
HGO,2,One Air
HEY,2,ZondaJet.com
OOJ,2,
OMM,2,
OMI,2,Omni Taxi Aereo
TSM,2,Skylounge Services
TCN,2,BellAir
DM2,2,
GXL,2,Star XL German Airlines
GWY,2,USA 3000 Airlines
GVT,2,
VSR,2,Aviostart AS
VM3,2,
VM1,2,
V8O,2,
UZA,2,Constanta Airlines
DGC,2,Servicio Aereo de la Guardia Civil
DFZ,2,
MIT,2,Flight Line
GVI,2,
GSE,2,Saga
GRZ,2,Government of Zambia Communications Flight (Aircraft)
GRN,2,Grande Aviation
GPE,2,GP Express Airlines
P4R,2,
P4J,2,
GNE,2,
GML,2,G & L Aviation
OHI,2,
OHB,2,
CLH,2,Lufthansa CityLine
CHG,2,Challenge Airlines
CGN,2,Air Changan
CGL,2,Craft Avia Center Sapi de C.V.
OKW,2,Ok-Trans
IAW,2,Iraqi Airways
IAR,2,Iliamna Air Taxi
HTM,2,HTM Helicopter Travel
HOU,2,
HBN,2,Hibernian Airlines
GME,2,GM Helicopters
PAL,2,Philippine Airlines
PA7,2,
GSO,2,Global Flight Solutions
GSL,2,Geographic Air Surveys
GSH,2,Gama Aviation
PHX,2,SkyCare
GKY,2,Gama Aviation (Cayman)
GHA,2,Group Holdings Aviation
GGW,2,Duke Energy Business Services
GGJ,2,
GGI,2,
GOB,2,Dash Aviation
GNI,2,Gemini
DKS,2,
DKL,2,
PSA,2,PSA - Pacific Southwest Airlines
IKR,2,Ikaros Fly
ICA,2,Inversiones Tiryka
OHP,2,
MIG,2,"Russian Aircraft Corporation - MIG, Federal Unitary Enterprise"
MEL,2,BAe Civil Division Warton
MYS,2,Aero Yaqui Mayo
MYO,2,Dominguez Toledo (Grupo Mayoral)
BER,2,Fly Air41 Airways
BCP,2,Sybajet San Marino
MAN,2,Mannion Air Charter
MDU,2,
PRN,2,Pirinair Express
PRD,2,Presidential Aviation
PRA,2,Flyair
PPV,2,Petropavlovsk
PPO,2,
PJS,2,Jet Aviation Business Jets
QY1,2,
QY0,2,
PXR,2,PixAir Survey
DIZ,2,
9AH,2,
IPM,2,IPM Europe
INV,2,Inversia
IMO,2,Inversiones Moraima
IMA,2,Inter-Mountain Airways
ILO,2,
PSP,2,Publiservicios Aereos
DOS,2,"U.S. Department of State, INL Air Wing"
ABV,2,ASL Airlines UK
ABN,2,Air Albania
A7M,2,
A7H,2,
A6H,2,
ECO,2,EcoJet
APB,2,Air Atlantique / Air Publicité
GCY,2,CHC Global Operations International
GCL,2,Greenclose Aviation Services
MBB,2,Air Manas
B82,2,
CGG,2,Walmart Aviation
CGB,2,Air Cargo Belize
CFX,2,CFA Air Charters
CFW,2,
CFS,2,Empire Airlines
CFL,2,Bromma Air Maintenance
9HI,2,
9HD,2,
9HA,2,
DJ7,2,
MRB,2,Centre Pankh Kazakhstan
BBX,2,Bel Air Aviation
MYI,2,Mayair
MMC,2,Aermarche
MLL,2,Aeroclub de Mallorca
MLE,2,Moldaeroservice
MJN,2,Royal Air Force Of Oman
COV,2,Helicentre Coventry
CNR,2,Condor Aero Services
CMA,2,CMA CGM Air Cargo
CLY,2,Clay Lacy Aviation
GBZ,2,
GBX,2,GB Airlink
GBB,2,Global Aviation Operations
GBA,2,Gulf Air Bahrain
RAN,2,Rano Air
R72,2,
NAV,2,Nav Flight Planning
NAT,2,North Atlantic Air
NAK,2,ENAC
N1B,2,
LYD,2,Lydd Air
LYA,2,Libyan Air Ambulance
LXF,2,Lynx Air International
N2N,2,
MCN,2,Mac Dan Aviation Corporation
MCE,2,Marshall Of Cambridge
ASF,2,Austrian Air Force
FPH,2,
RSX,2,Red Sea Airlines
RKS,2,Phenix Jet
RID,2,
REV,2,RVL Aviation
ECJ,2,East Coast Jets
EAG,2,Emerald Airlines (UK)
EAF,2,Electra Airways
T7I,2,
CFF,2,Aerofan
CFA,2,China Flying Dragon Aviation
N8X,2,
N8W,2,
N8S,2,
N8K,2,
N7L,2,
KUG,2,Government of Kuwait
NOJ,2,Novajet
JSM,2,JS Aviation
T78,2,
EIH,2,
ALP,2,Allpoints Jet
ALJ,2,ALI Aero Leasing Italiana
AIA,2,Amelia
RUS,2,Sky Atlas
FX4,2,
SHA,2,Shree Airlines
FHO,2,
LNF,2,
LNB,2,
KRP,2,Carpatair
N7J,2,
N6C,2,
LHO,2,
LH3,2,
DHW,2,
TVQ,2,Smartwings Slovakia
FHB,2,
SDE,2,Air Partners Corp
EIA,2,Evergreen International Airlines
EDG,2,Jet Edge
ED6,2,
SWE,2,Svenskt Ambulansflyg
DH3,2,
UPH,2,
UPE,2,
LSM,2,Luxaviation San Marino
LNV,2,
LNS,2,Lineas Aereas Nacionales (LANSA)
FGS,2,Elitellina
FGP,2,Flying-Research Aerogeophysical Center Ltd.
CT1,2,
ERG,2,Aviaenergo
EOL,2,Airailes
FGB,2,Air 65
5NF,2,
VTT,2,Avia Trans Air Transport
XAF,2,Executive Air Fleet
XAA,2,ARINC
X38,2,
BSC,2,AeroStan
BRD,2,Bridges Air Cargo
N3A,2,
LZT,2,Lanzarote Aerocargo
FEX,2,FlightExec
MMP,2,AMP Incorporated
YUN,2,
YRW,2,
WMN,2,Trident Aircraft
WFL,2,world2fly
MYA,2,Myflug H.F.
MXM,2,Maximus Airlines
MUA,2,Murray Aviation
MTK,2,Air Metack
MSU,2,Maluti Sky
MSI,2,Motor-Sich
2JS,2,
YRC,2,
2GO,2,
5BC,2,
2CL,2,
155,1,
2CH,1,
5NL,1,
602,1,
6VJ,1,
7TV,1,
7UT,1,
02,1,
 EC,1,
ZQ3,1,
 D ,1,
127,1,
ACC,1,Airspeed Charter
DAE,1,DHL Aero Expreso
EW2,1,
F,1,
F00,1,
FDZ,1,Flight Deck Support
SJE,1,Sun Air Jets
SPC,1,Skyworld Airlines
CRR,1,Canadian Pacific Railway
SPJ,1,Air Service
EDD,1,Servicios Aereos Bio Pappel
EDF,1,
EGW,1,EGO Airways
FLT,1,Flightline
SAT,1,SATA - Air Acores
FWT,1,
RU1,1,
AJD,1,Astonjet
AJT,1,Amerijet International
FHX,1,
FIE,1,FLYONE Armenia
FJA,1,Fiji Link
FKH,1,Fly Khiva
EID,1,
DRC,1,Air Congo
RER,1,Aeroregional
RPC,1,Aeropacsa
FNN,1,Blocked
FR2,1,
FRX,1,Fort Aero
FWK,1,Flightworks
FWR,1,Flightaware
GBG,1,GullivAir
CMR,1,Cam Air Management
CNK,1,Sunwest Aviation
CNL,1,Centennial Airlines
CNT,1,Centre National D'etudes Des Telecommunications (C.N.E.T.)
GCT,1,Gulf Coast Aviation
ECL,1,Aeronautica Castellana
A7A,1,
DPO,1,
PSB,1,Syrian Pearl Airlines
PSE,1,Aeroservicio Sipse
PSF,1,Plymouth School Of Flying
PSI,1,Pont International Airline Services
PSM,1,
PV2,1,
QY3,1,
QY7,1,
PPL,1,Pluto Airlines
PRJ,1,Aero Servicios Pro-Bajio
T7U,1,
TAT,1,TAT - Transport Aérien Transrégional
TCB,1,Transcaribe Colombia - Transporte Del Caribe
DKD,1,
DKG,1,
DKO,1,
DKW,1,
GNH,1,
GNR,1,Gambia International Airlines
GKV,1,GKV-Avia
GLA,1,Great Lakes Aviation
GMS,1,Ghadames Air
GPC,1,Gulf Pearl Air Lines
GPR,1,GPM Aeroservicio
GPS,1,ABS Avia
GWW,1,Global Wings
OY9,1,
TCY,1,Twin Cities Air Service
TEM,1,Tech-Mont Helicopter Company
TO7,1,
TS6,1,
TS8,1,
TST,1,Shata Air Services
OKZ,1,
OOE,1,air Ops
HDR,1,Helitrans
HI1,1,
HBQ,1,
CGK,1,Click Airways
OFK,1,OFEK
IE3,1,
BA9,1,
IPF,1,Iraqi Prime Minister Office
ISD,1,Innovative Software Design
ISE,1,
ITA,1,Inter-Air
DIU,1,
9HG,1,
CFR,1,California Department of Forestry and Fire Prevention
CFT,1,Jet Freighters
CGD,1,"Charlotte, NC Air National Guard"
JAX,1,Janair
B32,1,
NAX,1,Norwegian
JF6,1,
NAY,1,NAYSA Servicios Aereos
NJ9,1,
NRW,1,Polizeifliegerstaffel Nordrhein-Westfalen
N8A,1,
JUM,1,Jump Aviation
JUP,1,Jump Air
9HS,1,
9HV,1,
9HX,1,
DHU,1,
DAP,1,Aerovias DAP
DBG,1,Air Dabia
DHG,1,
LH0,1,
LH4,1,
KGC,1,Air KG
KJD,1,Forces Aeriennes Algeriennes
KL9,1,
LNJ,1,
LNY,1,
N4D,1,
KZU,1,ULS Airlines Cargo
LC0,1,
DCE,1,Dutch Caribbean Airline
DCQ,1,
TYH,1,
UGJ,1,UG Jet
DGZ,1,
N3C,1,
BQ2,1,
LVK,1,
MDS,1,McNeely Charter Services
BFY,1,Bestfly Aircraft Management Aruba
BLO,1,VC Belogorie
M28,1,
MAI,1,Mauritania Airlines
BCR,1,British Charter
BEX,1,Birmingham Executive Airways
MGC,1,Air Cargo Mongolia
MGO,1,Mango MG Bird SA
MYU,1,My Indo Airlines
MYW,1,MyWay Airlines
V8B,1,
VHA,1,VH-Air Industrie
VM7,1,
MKD,1,Mat Airways
MKI,1,Mk Flugfielagid EHF
MLJ,1,
MMI,1,Marina Militare Italiana
MPV,1,
MRR,1,West Isle Air
MRT,1,Air Mauritanie
MSS,1,Global Aviation
WRC,1,WINDROSE Airlines
MNG,1,Aero Mongolia
MOE,1,Mostarez Air
31Z,1,
YRG,1,Yak Air
YRO,1,
3CE,1,
4LB,1,
